"HITId","HITTypeId","Title","Description","Keywords","Reward","CreationTime","MaxAssignments","RequesterAnnotation","AssignmentDurationInSeconds","AutoApprovalDelayInSeconds","Expiration","NumberOfSimilarHITs","LifetimeInSeconds","AssignmentId","WorkerId","AssignmentStatus","AcceptTime","SubmitTime","AutoApprovalTime","ApprovalTime","RejectionTime","RequesterFeedback","WorkTimeInSeconds","LifetimeApprovalRate","Last30DaysApprovalRate","Last7DaysApprovalRate","Input.audio_file","Input.audio_name","Answer.Human","Answer.Intelligible","Answer.Smoothness","Approve","Reject"
"3ZQA3IO31AQZTWA1F75QSBKAGFFO19","3T6A8QWPRATCDT7RJBP79VS2HHPJJI","Judge the quality of this Voice","Rank this voice in terms of how easy it is to understand, how human-like it is, and how smooth it sounds","speech synthesis, audio, text to speech, speech generation, audio, voice, voice quality,","$0.15","Sun Dec 17 21:53:23 PST 2017","2","BatchId:3054172;OriginalHitTemplateId:920937332;","900","259200","Tue Dec 19 21:53:23 PST 2017","","","3F6KKYWMNB0EQQOVKNU938HYR0TNDI","A1ND9FU7OO5NQA","Submitted","Sun Dec 17 21:54:43 PST 2017","Sun Dec 17 21:55:16 PST 2017","Wed Dec 20 21:55:16 PST 2017","","","","33","0% (0/0)","0% (0/0)","0% (0/0)","https://clyp.it/n1bv2t0s","0_exp_c","7","2","5"
"3ZQA3IO31AQZTWA1F75QSBKAGFFO19","3T6A8QWPRATCDT7RJBP79VS2HHPJJI","Judge the quality of this Voice","Rank this voice in terms of how easy it is to understand, how human-like it is, and how smooth it sounds","speech synthesis, audio, text to speech, speech generation, audio, voice, voice quality,","$0.15","Sun Dec 17 21:53:23 PST 2017","2","BatchId:3054172;OriginalHitTemplateId:920937332;","900","259200","Tue Dec 19 21:53:23 PST 2017","","","3Z7EFSHGN9D9XSWLMXM7H4QE8ERCXR","A3RYI5HXC2MJLN","Submitted","Sun Dec 17 21:54:07 PST 2017","Sun Dec 17 22:07:30 PST 2017","Wed Dec 20 22:07:30 PST 2017","","","","803","0% (0/0)","0% (0/0)","0% (0/0)","https://clyp.it/n1bv2t0s","0_exp_c","8","9","8"
"3DWGDA5POE3UJGJYGJR4N3EIC8CV1I","3T6A8QWPRATCDT7RJBP79VS2HHPJJI","Judge the quality of this Voice","Rank this voice in terms of how easy it is to understand, how human-like it is, and how smooth it sounds","speech synthesis, audio, text to speech, speech generation, audio, voice, voice quality,","$0.15","Sun Dec 17 21:53:23 PST 2017","2","BatchId:3054172;OriginalHitTemplateId:920937332;","900","259200","Tue Dec 19 21:53:23 PST 2017","","","37ZHEEHM6WLR5DUBBR78U29W08Z37P","A3PIQY6PK42RIS","Submitted","Sun Dec 17 21:53:56 PST 2017","Sun Dec 17 21:56:22 PST 2017","Wed Dec 20 21:56:22 PST 2017","","","","146","0% (0/0)","0% (0/0)","0% (0/0)","https://clyp.it/cxlwcynb","0_exp_t10f","7","2","4"
"3DWGDA5POE3UJGJYGJR4N3EIC8CV1I","3T6A8QWPRATCDT7RJBP79VS2HHPJJI","Judge the quality of this Voice","Rank this voice in terms of how easy it is to understand, how human-like it is, and how smooth it sounds","speech synthesis, audio, text to speech, speech generation, audio, voice, voice quality,","$0.15","Sun Dec 17 21:53:23 PST 2017","2","BatchId:3054172;OriginalHitTemplateId:920937332;","900","259200","Tue Dec 19 21:53:23 PST 2017","","","39LOEL67OS4V5RZULWZE825RBS538C","A3RYI5HXC2MJLN","Submitted","Sun Dec 17 21:54:02 PST 2017","Sun Dec 17 22:06:53 PST 2017","Wed Dec 20 22:06:53 PST 2017","","","","771","0% (0/0)","0% (0/0)","0% (0/0)","https://clyp.it/cxlwcynb","0_exp_t10f","6","8","5"
"38VTL6WC49CABSFMMHG0XSVT65K5YK","3T6A8QWPRATCDT7RJBP79VS2HHPJJI","Judge the quality of this Voice","Rank this voice in terms of how easy it is to understand, how human-like it is, and how smooth it sounds","speech synthesis, audio, text to speech, speech generation, audio, voice, voice quality,","$0.15","Sun Dec 17 21:53:23 PST 2017","2","BatchId:3054172;OriginalHitTemplateId:920937332;","900","259200","Tue Dec 19 21:53:23 PST 2017","","","3RKNTXVS3MXU6BBDI8OBEY3SFG1A48","A3RYI5HXC2MJLN","Submitted","Sun Dec 17 21:53:55 PST 2017","Sun Dec 17 22:02:22 PST 2017","Wed Dec 20 22:02:22 PST 2017","","","","507","0% (0/0)","0% (0/0)","0% (0/0)","https://clyp.it/zyckxlie","0_exp_ts39","7","7","6"
"38VTL6WC49CABSFMMHG0XSVT65K5YK","3T6A8QWPRATCDT7RJBP79VS2HHPJJI","Judge the quality of this Voice","Rank this voice in terms of how easy it is to understand, how human-like it is, and how smooth it sounds","speech synthesis, audio, text to speech, speech generation, audio, voice, voice quality,","$0.15","Sun Dec 17 21:53:23 PST 2017","2","BatchId:3054172;OriginalHitTemplateId:920937332;","900","259200","Tue Dec 19 21:53:23 PST 2017","","","3X73LLYYQ1DV26TX6JDZUTWWJSMHNL","AHLS6AZ1VTNH7","Submitted","Sun Dec 17 21:53:56 PST 2017","Sun Dec 17 22:00:16 PST 2017","Wed Dec 20 22:00:16 PST 2017","","","","380","0% (0/0)","0% (0/0)","0% (0/0)","https://clyp.it/zyckxlie","0_exp_ts39","8","7","6"
"304QEQWKZOJZM7PJJO1QE610BN9O06","3T6A8QWPRATCDT7RJBP79VS2HHPJJI","Judge the quality of this Voice","Rank this voice in terms of how easy it is to understand, how human-like it is, and how smooth it sounds","speech synthesis, audio, text to speech, speech generation, audio, voice, voice quality,","$0.15","Sun Dec 17 21:53:23 PST 2017","2","BatchId:3054172;OriginalHitTemplateId:920937332;","900","259200","Tue Dec 19 21:53:23 PST 2017","","","32SVAV9L3F89OFS9IUJS4TBM1G5A3N","AHLS6AZ1VTNH7","Submitted","Sun Dec 17 21:53:54 PST 2017","Sun Dec 17 21:59:45 PST 2017","Wed Dec 20 21:59:45 PST 2017","","","","351","0% (0/0)","0% (0/0)","0% (0/0)","https://clyp.it/n5uulftu","0_exp_ts39_m","2","3","4"
"304QEQWKZOJZM7PJJO1QE610BN9O06","3T6A8QWPRATCDT7RJBP79VS2HHPJJI","Judge the quality of this Voice","Rank this voice in terms of how easy it is to understand, how human-like it is, and how smooth it sounds","speech synthesis, audio, text to speech, speech generation, audio, voice, voice quality,","$0.15","Sun Dec 17 21:53:23 PST 2017","2","BatchId:3054172;OriginalHitTemplateId:920937332;","900","259200","Tue Dec 19 21:53:23 PST 2017","","","3VD82FOHKQNM3JITL6ZBYRZLWAMCOM","A3RYI5HXC2MJLN","Submitted","Sun Dec 17 21:53:53 PST 2017","Sun Dec 17 22:01:54 PST 2017","Wed Dec 20 22:01:54 PST 2017","","","","481","0% (0/0)","0% (0/0)","0% (0/0)","https://clyp.it/n5uulftu","0_exp_ts39_m","4","5","4"
"3X7837UUACXGZ7K150P2FBU5PWLJ6J","3T6A8QWPRATCDT7RJBP79VS2HHPJJI","Judge the quality of this Voice","Rank this voice in terms of how easy it is to understand, how human-like it is, and how smooth it sounds","speech synthesis, audio, text to speech, speech generation, audio, voice, voice quality,","$0.15","Sun Dec 17 21:53:23 PST 2017","2","BatchId:3054172;OriginalHitTemplateId:920937332;","900","259200","Tue Dec 19 21:53:23 PST 2017","","","3VHHR074H3G8LHK0HXB8QO3D0UQ7L7","AHLS6AZ1VTNH7","Submitted","Sun Dec 17 21:53:45 PST 2017","Sun Dec 17 21:58:11 PST 2017","Wed Dec 20 21:58:11 PST 2017","","","","266","0% (0/0)","0% (0/0)","0% (0/0)","https://clyp.it/1czykjkn","1_exp_c","3","3","3"
"3X7837UUACXGZ7K150P2FBU5PWLJ6J","3T6A8QWPRATCDT7RJBP79VS2HHPJJI","Judge the quality of this Voice","Rank this voice in terms of how easy it is to understand, how human-like it is, and how smooth it sounds","speech synthesis, audio, text to speech, speech generation, audio, voice, voice quality,","$0.15","Sun Dec 17 21:53:23 PST 2017","2","BatchId:3054172;OriginalHitTemplateId:920937332;","900","259200","Tue Dec 19 21:53:23 PST 2017","","","3XUHV3NRVKXRCHNR2JHD0CWAS7M5HJ","A30MP4LXV4MIFD","Submitted","Sun Dec 17 21:54:04 PST 2017","Sun Dec 17 21:56:13 PST 2017","Wed Dec 20 21:56:13 PST 2017","","","","129","0% (0/0)","0% (0/0)","0% (0/0)","https://clyp.it/1czykjkn","1_exp_c","6","6","7"
"3G9UA71JVUTZ37Y6OAUULPU1K75J7I","3T6A8QWPRATCDT7RJBP79VS2HHPJJI","Judge the quality of this Voice","Rank this voice in terms of how easy it is to understand, how human-like it is, and how smooth it sounds","speech synthesis, audio, text to speech, speech generation, audio, voice, voice quality,","$0.15","Sun Dec 17 21:53:23 PST 2017","2","BatchId:3054172;OriginalHitTemplateId:920937332;","900","259200","Tue Dec 19 21:53:23 PST 2017","","","3P529IW9KYKL0AZ6ZG9KEGGUYI9FLJ","A3RYI5HXC2MJLN","Submitted","Sun Dec 17 21:54:09 PST 2017","Sun Dec 17 22:08:02 PST 2017","Wed Dec 20 22:08:02 PST 2017","","","","833","0% (0/0)","0% (0/0)","0% (0/0)","https://clyp.it/rhnsqx2u","1_exp_t10f","4","9","4"
"3G9UA71JVUTZ37Y6OAUULPU1K75J7I","3T6A8QWPRATCDT7RJBP79VS2HHPJJI","Judge the quality of this Voice","Rank this voice in terms of how easy it is to understand, how human-like it is, and how smooth it sounds","speech synthesis, audio, text to speech, speech generation, audio, voice, voice quality,","$0.15","Sun Dec 17 21:53:23 PST 2017","2","BatchId:3054172;OriginalHitTemplateId:920937332;","900","259200","Tue Dec 19 21:53:23 PST 2017","","","3PQ8K71NHXJ980RUR9Y2R1PS7QXAAJ","A2VICGPGH0I5T0","Submitted","Sun Dec 17 21:54:18 PST 2017","Sun Dec 17 21:55:01 PST 2017","Wed Dec 20 21:55:01 PST 2017","","","","43","0% (0/0)","0% (0/0)","0% (0/0)","https://clyp.it/rhnsqx2u","1_exp_t10f","9","6","7"
"3QGTX7BCHO1AGIPRI3IJBZ4VCZO5ZB","3T6A8QWPRATCDT7RJBP79VS2HHPJJI","Judge the quality of this Voice","Rank this voice in terms of how easy it is to understand, how human-like it is, and how smooth it sounds","speech synthesis, audio, text to speech, speech generation, audio, voice, voice quality,","$0.15","Sun Dec 17 21:53:23 PST 2017","2","BatchId:3054172;OriginalHitTemplateId:920937332;","900","259200","Tue Dec 19 21:53:23 PST 2017","","","3DBQWDE4Y6XJMD925HCQ5WT6EJVN5A","A2Y2RVQO2UVFV1","Submitted","Sun Dec 17 21:54:11 PST 2017","Sun Dec 17 21:56:34 PST 2017","Wed Dec 20 21:56:34 PST 2017","","","","143","0% (0/0)","0% (0/0)","0% (0/0)","https://clyp.it/zs5n3kl5","1_exp_ts39","7","2","3"
"3QGTX7BCHO1AGIPRI3IJBZ4VCZO5ZB","3T6A8QWPRATCDT7RJBP79VS2HHPJJI","Judge the quality of this Voice","Rank this voice in terms of how easy it is to understand, how human-like it is, and how smooth it sounds","speech synthesis, audio, text to speech, speech generation, audio, voice, voice quality,","$0.15","Sun Dec 17 21:53:23 PST 2017","2","BatchId:3054172;OriginalHitTemplateId:920937332;","900","259200","Tue Dec 19 21:53:23 PST 2017","","","3Z9WI9EOZZNUU08U96LJ21FSPXHKHJ","A3RYI5HXC2MJLN","Submitted","Sun Dec 17 21:54:08 PST 2017","Sun Dec 17 22:07:44 PST 2017","Wed Dec 20 22:07:44 PST 2017","","","","816","0% (0/0)","0% (0/0)","0% (0/0)","https://clyp.it/zs5n3kl5","1_exp_ts39","7","9","7"
"3ZG552ORAL31811UZNRISMON4EQV2Z","3T6A8QWPRATCDT7RJBP79VS2HHPJJI","Judge the quality of this Voice","Rank this voice in terms of how easy it is to understand, how human-like it is, and how smooth it sounds","speech synthesis, audio, text to speech, speech generation, audio, voice, voice quality,","$0.15","Sun Dec 17 21:53:23 PST 2017","2","BatchId:3054172;OriginalHitTemplateId:920937332;","900","259200","Tue Dec 19 21:53:23 PST 2017","","","39JEC7537U0HT3RQMILPTJTTS3IVC6","AHLS6AZ1VTNH7","Submitted","Sun Dec 17 21:54:02 PST 2017","Sun Dec 17 22:02:21 PST 2017","Wed Dec 20 22:02:21 PST 2017","","","","499","0% (0/0)","0% (0/0)","0% (0/0)","https://clyp.it/tpjzsjhy","1_exp_ts39_m","1","2","2"
"3ZG552ORAL31811UZNRISMON4EQV2Z","3T6A8QWPRATCDT7RJBP79VS2HHPJJI","Judge the quality of this Voice","Rank this voice in terms of how easy it is to understand, how human-like it is, and how smooth it sounds","speech synthesis, audio, text to speech, speech generation, audio, voice, voice quality,","$0.15","Sun Dec 17 21:53:23 PST 2017","2","BatchId:3054172;OriginalHitTemplateId:920937332;","900","259200","Tue Dec 19 21:53:23 PST 2017","","","3FTYUGLFSUKA01IPGNYN9RHC0FT5DA","A30MP4LXV4MIFD","Submitted","Sun Dec 17 21:53:55 PST 2017","Sun Dec 17 21:55:47 PST 2017","Wed Dec 20 21:55:47 PST 2017","","","","112","0% (0/0)","0% (0/0)","0% (0/0)","https://clyp.it/tpjzsjhy","1_exp_ts39_m","1","0","2"
"30UZJB2POGB9VPIYXWNA7YZGX4P35C","3T6A8QWPRATCDT7RJBP79VS2HHPJJI","Judge the quality of this Voice","Rank this voice in terms of how easy it is to understand, how human-like it is, and how smooth it sounds","speech synthesis, audio, text to speech, speech generation, audio, voice, voice quality,","$0.15","Sun Dec 17 21:53:23 PST 2017","2","BatchId:3054172;OriginalHitTemplateId:920937332;","900","259200","Tue Dec 19 21:53:23 PST 2017","","","3FUI0JHJPXX94UTO9F4IHLXGV6D33K","A3RYI5HXC2MJLN","Submitted","Sun Dec 17 21:53:48 PST 2017","Sun Dec 17 21:59:47 PST 2017","Wed Dec 20 21:59:47 PST 2017","","","","359","0% (0/0)","0% (0/0)","0% (0/0)","https://clyp.it/wcymglud","2_exp_c","9","9","9"
"30UZJB2POGB9VPIYXWNA7YZGX4P35C","3T6A8QWPRATCDT7RJBP79VS2HHPJJI","Judge the quality of this Voice","Rank this voice in terms of how easy it is to understand, how human-like it is, and how smooth it sounds","speech synthesis, audio, text to speech, speech generation, audio, voice, voice quality,","$0.15","Sun Dec 17 21:53:23 PST 2017","2","BatchId:3054172;OriginalHitTemplateId:920937332;","900","259200","Tue Dec 19 21:53:23 PST 2017","","","3NGMS9VZTLHZ0IPAD56MJ3BA1MNFFE","A299J4PKHAEU9H","Submitted","Sun Dec 17 21:53:54 PST 2017","Sun Dec 17 21:59:29 PST 2017","Wed Dec 20 21:59:29 PST 2017","","","","335","0% (0/0)","0% (0/0)","0% (0/0)","https://clyp.it/wcymglud","2_exp_c","7","8","7"
"3E22YV8GG05KS3TRZUG3EI23TLGPNZ","3T6A8QWPRATCDT7RJBP79VS2HHPJJI","Judge the quality of this Voice","Rank this voice in terms of how easy it is to understand, how human-like it is, and how smooth it sounds","speech synthesis, audio, text to speech, speech generation, audio, voice, voice quality,","$0.15","Sun Dec 17 21:53:23 PST 2017","2","BatchId:3054172;OriginalHitTemplateId:920937332;","900","259200","Tue Dec 19 21:53:23 PST 2017","","","3JZQSN0I3Q95EIL5OPC41OBM21NFGD","A1YNGE7LM9TQHL","Submitted","Sun Dec 17 21:54:11 PST 2017","Sun Dec 17 21:54:22 PST 2017","Wed Dec 20 21:54:22 PST 2017","","","","11","0% (0/0)","0% (0/0)","0% (0/0)","https://clyp.it/42y1ggcd","2_exp_t10f","1","0","0"
"3E22YV8GG05KS3TRZUG3EI23TLGPNZ","3T6A8QWPRATCDT7RJBP79VS2HHPJJI","Judge the quality of this Voice","Rank this voice in terms of how easy it is to understand, how human-like it is, and how smooth it sounds","speech synthesis, audio, text to speech, speech generation, audio, voice, voice quality,","$0.15","Sun Dec 17 21:53:23 PST 2017","2","BatchId:3054172;OriginalHitTemplateId:920937332;","900","259200","Tue Dec 19 21:53:23 PST 2017","","","3KMS4QQVK2PAG4HOEGXJZG3F9I4KFL","A198QA1OQBUJV1","Submitted","Sun Dec 17 21:53:57 PST 2017","Sun Dec 17 21:57:59 PST 2017","Wed Dec 20 21:57:59 PST 2017","","","","242","0% (0/0)","0% (0/0)","0% (0/0)","https://clyp.it/42y1ggcd","2_exp_t10f","5","2","1"
"3JU8CV4BRKB2AOT309GGT728JVLPOE","3T6A8QWPRATCDT7RJBP79VS2HHPJJI","Judge the quality of this Voice","Rank this voice in terms of how easy it is to understand, how human-like it is, and how smooth it sounds","speech synthesis, audio, text to speech, speech generation, audio, voice, voice quality,","$0.15","Sun Dec 17 21:53:23 PST 2017","2","BatchId:3054172;OriginalHitTemplateId:920937332;","900","259200","Tue Dec 19 21:53:23 PST 2017","","","3LRKMWOKB5GL454YQMLM2CX34NC2Z5","A3RYI5HXC2MJLN","Submitted","Sun Dec 17 21:53:40 PST 2017","Sun Dec 17 21:58:20 PST 2017","Wed Dec 20 21:58:20 PST 2017","","","","280","0% (0/0)","0% (0/0)","0% (0/0)","https://clyp.it/aqvta2aa","2_exp_ts39","2","0","2"
"3JU8CV4BRKB2AOT309GGT728JVLPOE","3T6A8QWPRATCDT7RJBP79VS2HHPJJI","Judge the quality of this Voice","Rank this voice in terms of how easy it is to understand, how human-like it is, and how smooth it sounds","speech synthesis, audio, text to speech, speech generation, audio, voice, voice quality,","$0.15","Sun Dec 17 21:53:23 PST 2017","2","BatchId:3054172;OriginalHitTemplateId:920937332;","900","259200","Tue Dec 19 21:53:23 PST 2017","","","3Q5ZZ9ZEVOEYJ6MYZFN7NZ3BPOW584","AHLS6AZ1VTNH7","Submitted","Sun Dec 17 21:53:46 PST 2017","Sun Dec 17 21:58:31 PST 2017","Wed Dec 20 21:58:31 PST 2017","","","","285","0% (0/0)","0% (0/0)","0% (0/0)","https://clyp.it/aqvta2aa","2_exp_ts39","8","8","8"
"3J5XXLQDHLAQTJXD3N5NBWTFASQV3A","3T6A8QWPRATCDT7RJBP79VS2HHPJJI","Judge the quality of this Voice","Rank this voice in terms of how easy it is to understand, how human-like it is, and how smooth it sounds","speech synthesis, audio, text to speech, speech generation, audio, voice, voice quality,","$0.15","Sun Dec 17 21:53:23 PST 2017","2","BatchId:3054172;OriginalHitTemplateId:920937332;","900","259200","Tue Dec 19 21:53:23 PST 2017","","","32Q90QCQ1SKIAQHSJ5DDHYIFXHPKE3","A324AD5U1SV0OA","Submitted","Sun Dec 17 21:53:57 PST 2017","Sun Dec 17 21:55:27 PST 2017","Wed Dec 20 21:55:27 PST 2017","","","","90","0% (0/0)","0% (0/0)","0% (0/0)","https://clyp.it/qkrjy4o1","2_exp_ts39_m","9","4","8"
"3J5XXLQDHLAQTJXD3N5NBWTFASQV3A","3T6A8QWPRATCDT7RJBP79VS2HHPJJI","Judge the quality of this Voice","Rank this voice in terms of how easy it is to understand, how human-like it is, and how smooth it sounds","speech synthesis, audio, text to speech, speech generation, audio, voice, voice quality,","$0.15","Sun Dec 17 21:53:23 PST 2017","2","BatchId:3054172;OriginalHitTemplateId:920937332;","900","259200","Tue Dec 19 21:53:23 PST 2017","","","3Y9N9SS8LYA7MMVL24AUUUJSMJ23DI","A3RYI5HXC2MJLN","Submitted","Sun Dec 17 21:54:10 PST 2017","Sun Dec 17 22:08:18 PST 2017","Wed Dec 20 22:08:18 PST 2017","","","","848","0% (0/0)","0% (0/0)","0% (0/0)","https://clyp.it/qkrjy4o1","2_exp_ts39_m","5","8","3"
"3B0MCRZMBQTKVO54F9TVI77YT0HPPV","3T6A8QWPRATCDT7RJBP79VS2HHPJJI","Judge the quality of this Voice","Rank this voice in terms of how easy it is to understand, how human-like it is, and how smooth it sounds","speech synthesis, audio, text to speech, speech generation, audio, voice, voice quality,","$0.15","Sun Dec 17 21:53:23 PST 2017","2","BatchId:3054172;OriginalHitTemplateId:920937332;","900","259200","Tue Dec 19 21:53:23 PST 2017","","","3A4TN5196KHCB2W6HT4LEI2KKO8CHY","AHLS6AZ1VTNH7","Submitted","Sun Dec 17 21:53:38 PST 2017","Sun Dec 17 21:56:09 PST 2017","Wed Dec 20 21:56:09 PST 2017","","","","151","0% (0/0)","0% (0/0)","0% (0/0)","https://clyp.it/oc2t2nu5","3_exp_c","5","6","6"
"3B0MCRZMBQTKVO54F9TVI77YT0HPPV","3T6A8QWPRATCDT7RJBP79VS2HHPJJI","Judge the quality of this Voice","Rank this voice in terms of how easy it is to understand, how human-like it is, and how smooth it sounds","speech synthesis, audio, text to speech, speech generation, audio, voice, voice quality,","$0.15","Sun Dec 17 21:53:23 PST 2017","2","BatchId:3054172;OriginalHitTemplateId:920937332;","900","259200","Tue Dec 19 21:53:23 PST 2017","","","3UOUJI6MTDD5JMDL8O77BACKFEXXUL","A30MP4LXV4MIFD","Submitted","Sun Dec 17 21:53:33 PST 2017","Sun Dec 17 21:54:14 PST 2017","Wed Dec 20 21:54:14 PST 2017","","","","41","0% (0/0)","0% (0/0)","0% (0/0)","https://clyp.it/oc2t2nu5","3_exp_c","7","8","8"
"3LCXHSGDLS5DBPW6YCHEJ0D52DMSET","3T6A8QWPRATCDT7RJBP79VS2HHPJJI","Judge the quality of this Voice","Rank this voice in terms of how easy it is to understand, how human-like it is, and how smooth it sounds","speech synthesis, audio, text to speech, speech generation, audio, voice, voice quality,","$0.15","Sun Dec 17 21:53:23 PST 2017","2","BatchId:3054172;OriginalHitTemplateId:920937332;","900","259200","Tue Dec 19 21:53:23 PST 2017","","","3F6HPJW4JDZHAAZTFZ1F383LNL82WF","AHLS6AZ1VTNH7","Submitted","Sun Dec 17 21:53:32 PST 2017","Sun Dec 17 21:54:58 PST 2017","Wed Dec 20 21:54:58 PST 2017","","","","86","0% (0/0)","0% (0/0)","0% (0/0)","https://clyp.it/yc5jgfng","3_exp_t10f","6","5","4"
"3LCXHSGDLS5DBPW6YCHEJ0D52DMSET","3T6A8QWPRATCDT7RJBP79VS2HHPJJI","Judge the quality of this Voice","Rank this voice in terms of how easy it is to understand, how human-like it is, and how smooth it sounds","speech synthesis, audio, text to speech, speech generation, audio, voice, voice quality,","$0.15","Sun Dec 17 21:53:23 PST 2017","2","BatchId:3054172;OriginalHitTemplateId:920937332;","900","259200","Tue Dec 19 21:53:23 PST 2017","","","3HPZF4IVNMSYXXMVRT890IXNAKLCYX","A30MP4LXV4MIFD","Submitted","Sun Dec 17 21:54:08 PST 2017","Sun Dec 17 21:56:28 PST 2017","Wed Dec 20 21:56:28 PST 2017","","","","140","0% (0/0)","0% (0/0)","0% (0/0)","https://clyp.it/yc5jgfng","3_exp_t10f","1","3","1"
"38XPGNCKHSZBBFGH31A6L1LLOSMV4V","3T6A8QWPRATCDT7RJBP79VS2HHPJJI","Judge the quality of this Voice","Rank this voice in terms of how easy it is to understand, how human-like it is, and how smooth it sounds","speech synthesis, audio, text to speech, speech generation, audio, voice, voice quality,","$0.15","Sun Dec 17 21:53:23 PST 2017","2","BatchId:3054172;OriginalHitTemplateId:920937332;","900","259200","Tue Dec 19 21:53:23 PST 2017","","","37TD41K0AH811BAMSNGKIW9MTZPCSJ","A3RYI5HXC2MJLN","Submitted","Sun Dec 17 21:54:00 PST 2017","Sun Dec 17 22:06:17 PST 2017","Wed Dec 20 22:06:17 PST 2017","","","","737","0% (0/0)","0% (0/0)","0% (0/0)","https://clyp.it/3cwq1b52","3_exp_ts39","2","2","2"
"38XPGNCKHSZBBFGH31A6L1LLOSMV4V","3T6A8QWPRATCDT7RJBP79VS2HHPJJI","Judge the quality of this Voice","Rank this voice in terms of how easy it is to understand, how human-like it is, and how smooth it sounds","speech synthesis, audio, text to speech, speech generation, audio, voice, voice quality,","$0.15","Sun Dec 17 21:53:23 PST 2017","2","BatchId:3054172;OriginalHitTemplateId:920937332;","900","259200","Tue Dec 19 21:53:23 PST 2017","","","37XITHEISW8P0WA9DYGFSM4Q7X6CRV","AHLS6AZ1VTNH7","Submitted","Sun Dec 17 21:54:00 PST 2017","Sun Dec 17 22:01:21 PST 2017","Wed Dec 20 22:01:21 PST 2017","","","","441","0% (0/0)","0% (0/0)","0% (0/0)","https://clyp.it/3cwq1b52","3_exp_ts39","4","4","8"
"3IV1AEQ4DQC33L3PYFM0ZPQWVRBJ85","3T6A8QWPRATCDT7RJBP79VS2HHPJJI","Judge the quality of this Voice","Rank this voice in terms of how easy it is to understand, how human-like it is, and how smooth it sounds","speech synthesis, audio, text to speech, speech generation, audio, voice, voice quality,","$0.15","Sun Dec 17 21:53:23 PST 2017","2","BatchId:3054172;OriginalHitTemplateId:920937332;","900","259200","Tue Dec 19 21:53:23 PST 2017","","","3HMVI3QICJREAUCXBWJPJMEW6NTY1S","A30MP4LXV4MIFD","Submitted","Sun Dec 17 21:53:50 PST 2017","Sun Dec 17 21:55:28 PST 2017","Wed Dec 20 21:55:28 PST 2017","","","","98","0% (0/0)","0% (0/0)","0% (0/0)","https://clyp.it/5q1cunng","3_exp_ts39_m","1","1","1"
"3IV1AEQ4DQC33L3PYFM0ZPQWVRBJ85","3T6A8QWPRATCDT7RJBP79VS2HHPJJI","Judge the quality of this Voice","Rank this voice in terms of how easy it is to understand, how human-like it is, and how smooth it sounds","speech synthesis, audio, text to speech, speech generation, audio, voice, voice quality,","$0.15","Sun Dec 17 21:53:23 PST 2017","2","BatchId:3054172;OriginalHitTemplateId:920937332;","900","259200","Tue Dec 19 21:53:23 PST 2017","","","3LEIZ60CDJYW4PPXBV01CZ5HATM9Z4","A3RYI5HXC2MJLN","Submitted","Sun Dec 17 21:53:43 PST 2017","Sun Dec 17 21:58:51 PST 2017","Wed Dec 20 21:58:51 PST 2017","","","","308","0% (0/0)","0% (0/0)","0% (0/0)","https://clyp.it/5q1cunng","3_exp_ts39_m","0","0","0"
"3TZ0XG8CBTJEX9QGC3VNAVCTZM0890","3T6A8QWPRATCDT7RJBP79VS2HHPJJI","Judge the quality of this Voice","Rank this voice in terms of how easy it is to understand, how human-like it is, and how smooth it sounds","speech synthesis, audio, text to speech, speech generation, audio, voice, voice quality,","$0.15","Sun Dec 17 21:53:23 PST 2017","2","BatchId:3054172;OriginalHitTemplateId:920937332;","900","259200","Tue Dec 19 21:53:23 PST 2017","","","323Q6SJS8IFJEEGG8VUMMONNH10FHC","A3RYI5HXC2MJLN","Submitted","Sun Dec 17 21:53:58 PST 2017","Sun Dec 17 22:05:54 PST 2017","Wed Dec 20 22:05:54 PST 2017","","","","716","0% (0/0)","0% (0/0)","0% (0/0)","https://clyp.it/xdp2ajth","4_exp_c","7","8","7"
"3TZ0XG8CBTJEX9QGC3VNAVCTZM0890","3T6A8QWPRATCDT7RJBP79VS2HHPJJI","Judge the quality of this Voice","Rank this voice in terms of how easy it is to understand, how human-like it is, and how smooth it sounds","speech synthesis, audio, text to speech, speech generation, audio, voice, voice quality,","$0.15","Sun Dec 17 21:53:23 PST 2017","2","BatchId:3054172;OriginalHitTemplateId:920937332;","900","259200","Tue Dec 19 21:53:23 PST 2017","","","3NVC2EB65QYAKXQCY0X87FTT477Y3K","AHLS6AZ1VTNH7","Submitted","Sun Dec 17 21:53:52 PST 2017","Sun Dec 17 21:59:26 PST 2017","Wed Dec 20 21:59:26 PST 2017","","","","334","0% (0/0)","0% (0/0)","0% (0/0)","https://clyp.it/xdp2ajth","4_exp_c","5","4","5"
"3NI0WFPPI8F9X1JFJSFWX6F9QNG600","3T6A8QWPRATCDT7RJBP79VS2HHPJJI","Judge the quality of this Voice","Rank this voice in terms of how easy it is to understand, how human-like it is, and how smooth it sounds","speech synthesis, audio, text to speech, speech generation, audio, voice, voice quality,","$0.15","Sun Dec 17 21:53:23 PST 2017","2","BatchId:3054172;OriginalHitTemplateId:920937332;","900","259200","Tue Dec 19 21:53:23 PST 2017","","","3H8DHMCCW9ADIK3SNA2TBG0UX5OKDA","A1ND9FU7OO5NQA","Submitted","Sun Dec 17 21:53:56 PST 2017","Sun Dec 17 21:54:43 PST 2017","Wed Dec 20 21:54:43 PST 2017","","","","47","0% (0/0)","0% (0/0)","0% (0/0)","https://clyp.it/jkiogzdv","4_exp_t10f","8","1","3"
"3NI0WFPPI8F9X1JFJSFWX6F9QNG600","3T6A8QWPRATCDT7RJBP79VS2HHPJJI","Judge the quality of this Voice","Rank this voice in terms of how easy it is to understand, how human-like it is, and how smooth it sounds","speech synthesis, audio, text to speech, speech generation, audio, voice, voice quality,","$0.15","Sun Dec 17 21:53:23 PST 2017","2","BatchId:3054172;OriginalHitTemplateId:920937332;","900","259200","Tue Dec 19 21:53:23 PST 2017","","","3WJEQKOXA81DECEUVQ59G0WP3WRA1V","AHLS6AZ1VTNH7","Submitted","Sun Dec 17 21:53:48 PST 2017","Sun Dec 17 21:58:47 PST 2017","Wed Dec 20 21:58:47 PST 2017","","","","299","0% (0/0)","0% (0/0)","0% (0/0)","https://clyp.it/jkiogzdv","4_exp_t10f","5","7","6"
"338GLSUI42A5H3W2TN1K1IY5EE1SFB","3T6A8QWPRATCDT7RJBP79VS2HHPJJI","Judge the quality of this Voice","Rank this voice in terms of how easy it is to understand, how human-like it is, and how smooth it sounds","speech synthesis, audio, text to speech, speech generation, audio, voice, voice quality,","$0.15","Sun Dec 17 21:53:23 PST 2017","2","BatchId:3054172;OriginalHitTemplateId:920937332;","900","259200","Tue Dec 19 21:53:23 PST 2017","","","33OOO72IVHK2GBN1HNLAS158VI3CT8","A3RYI5HXC2MJLN","Submitted","Sun Dec 17 21:54:01 PST 2017","Sun Dec 17 22:06:31 PST 2017","Wed Dec 20 22:06:31 PST 2017","","","","750","0% (0/0)","0% (0/0)","0% (0/0)","https://clyp.it/bdpywsko","4_exp_ts39","4","6","2"
"338GLSUI42A5H3W2TN1K1IY5EE1SFB","3T6A8QWPRATCDT7RJBP79VS2HHPJJI","Judge the quality of this Voice","Rank this voice in terms of how easy it is to understand, how human-like it is, and how smooth it sounds","speech synthesis, audio, text to speech, speech generation, audio, voice, voice quality,","$0.15","Sun Dec 17 21:53:23 PST 2017","2","BatchId:3054172;OriginalHitTemplateId:920937332;","900","259200","Tue Dec 19 21:53:23 PST 2017","","","3EQHHY4HQSRDCLSGIDZVFCK9D795GK","AHLS6AZ1VTNH7","Submitted","Sun Dec 17 21:54:03 PST 2017","Sun Dec 17 22:02:43 PST 2017","Wed Dec 20 22:02:43 PST 2017","","","","520","0% (0/0)","0% (0/0)","0% (0/0)","https://clyp.it/bdpywsko","4_exp_ts39","4","3","6"
"3LAZVA75NHQ6IHSXYB54XUUF8LTO2Q","3T6A8QWPRATCDT7RJBP79VS2HHPJJI","Judge the quality of this Voice","Rank this voice in terms of how easy it is to understand, how human-like it is, and how smooth it sounds","speech synthesis, audio, text to speech, speech generation, audio, voice, voice quality,","$0.15","Sun Dec 17 21:53:23 PST 2017","2","BatchId:3054172;OriginalHitTemplateId:920937332;","900","259200","Tue Dec 19 21:53:23 PST 2017","","","384PI804XS0H7JF6G7N0NV7LKAS0SE","AHLS6AZ1VTNH7","Submitted","Sun Dec 17 21:53:41 PST 2017","Sun Dec 17 21:56:44 PST 2017","Wed Dec 20 21:56:44 PST 2017","","","","183","0% (0/0)","0% (0/0)","0% (0/0)","https://clyp.it/v1y1k5ze","4_exp_ts39_m","5","6","7"
"3LAZVA75NHQ6IHSXYB54XUUF8LTO2Q","3T6A8QWPRATCDT7RJBP79VS2HHPJJI","Judge the quality of this Voice","Rank this voice in terms of how easy it is to understand, how human-like it is, and how smooth it sounds","speech synthesis, audio, text to speech, speech generation, audio, voice, voice quality,","$0.15","Sun Dec 17 21:53:23 PST 2017","2","BatchId:3054172;OriginalHitTemplateId:920937332;","900","259200","Tue Dec 19 21:53:23 PST 2017","","","3OWEPKL089BY9HNLTARN3G725PQ7N9","A198QA1OQBUJV1","Submitted","Sun Dec 17 21:53:50 PST 2017","Sun Dec 17 21:57:19 PST 2017","Wed Dec 20 21:57:19 PST 2017","","","","209","0% (0/0)","0% (0/0)","0% (0/0)","https://clyp.it/v1y1k5ze","4_exp_ts39_m","1","0","1"
"3SD15I2WD1T5ETIC2FXFZ4DGTZ036S","3T6A8QWPRATCDT7RJBP79VS2HHPJJI","Judge the quality of this Voice","Rank this voice in terms of how easy it is to understand, how human-like it is, and how smooth it sounds","speech synthesis, audio, text to speech, speech generation, audio, voice, voice quality,","$0.15","Sun Dec 17 21:53:24 PST 2017","2","BatchId:3054172;OriginalHitTemplateId:920937332;","900","259200","Tue Dec 19 21:53:24 PST 2017","","","3LOZAJ85YDCWZA4JP4X15RHSWNE2X8","A3RYI5HXC2MJLN","Submitted","Sun Dec 17 21:53:34 PST 2017","Sun Dec 17 21:57:38 PST 2017","Wed Dec 20 21:57:38 PST 2017","","","","244","0% (0/0)","0% (0/0)","0% (0/0)","https://clyp.it/3xbybah0","5_exp_c","8","8","7"
"3SD15I2WD1T5ETIC2FXFZ4DGTZ036S","3T6A8QWPRATCDT7RJBP79VS2HHPJJI","Judge the quality of this Voice","Rank this voice in terms of how easy it is to understand, how human-like it is, and how smooth it sounds","speech synthesis, audio, text to speech, speech generation, audio, voice, voice quality,","$0.15","Sun Dec 17 21:53:24 PST 2017","2","BatchId:3054172;OriginalHitTemplateId:920937332;","900","259200","Tue Dec 19 21:53:24 PST 2017","","","3OS46CRSLFYSDMIPCR8M7J1JWH7V6E","A198QA1OQBUJV1","Submitted","Sun Dec 17 21:53:41 PST 2017","Sun Dec 17 21:56:18 PST 2017","Wed Dec 20 21:56:18 PST 2017","","","","157","0% (0/0)","0% (0/0)","0% (0/0)","https://clyp.it/3xbybah0","5_exp_c","8","9","7"
"3BFNCI9LYJPOITWHLP275IDCOAK37R","3T6A8QWPRATCDT7RJBP79VS2HHPJJI","Judge the quality of this Voice","Rank this voice in terms of how easy it is to understand, how human-like it is, and how smooth it sounds","speech synthesis, audio, text to speech, speech generation, audio, voice, voice quality,","$0.15","Sun Dec 17 21:53:24 PST 2017","2","BatchId:3054172;OriginalHitTemplateId:920937332;","900","259200","Tue Dec 19 21:53:24 PST 2017","","","3CCZ6YKWR7IYXB5847TLNVYM9UE59T","A30MP4LXV4MIFD","Submitted","Sun Dec 17 21:53:46 PST 2017","Sun Dec 17 21:55:10 PST 2017","Wed Dec 20 21:55:10 PST 2017","","","","84","0% (0/0)","0% (0/0)","0% (0/0)","https://clyp.it/f5fpej51","5_exp_t10f","2","3","1"
"3BFNCI9LYJPOITWHLP275IDCOAK37R","3T6A8QWPRATCDT7RJBP79VS2HHPJJI","Judge the quality of this Voice","Rank this voice in terms of how easy it is to understand, how human-like it is, and how smooth it sounds","speech synthesis, audio, text to speech, speech generation, audio, voice, voice quality,","$0.15","Sun Dec 17 21:53:24 PST 2017","2","BatchId:3054172;OriginalHitTemplateId:920937332;","900","259200","Tue Dec 19 21:53:24 PST 2017","","","3I7DHKZYGNZ7YLWL7TTDXRKXCS95FL","A38QR6HP33J0JE","Submitted","Sun Dec 17 21:54:02 PST 2017","Sun Dec 17 21:58:08 PST 2017","Wed Dec 20 21:58:08 PST 2017","","","","246","0% (0/0)","0% (0/0)","0% (0/0)","https://clyp.it/f5fpej51","5_exp_t10f","3","4","5"
"3XUSYT70IS08IAYUTFNA3CP17930DM","3T6A8QWPRATCDT7RJBP79VS2HHPJJI","Judge the quality of this Voice","Rank this voice in terms of how easy it is to understand, how human-like it is, and how smooth it sounds","speech synthesis, audio, text to speech, speech generation, audio, voice, voice quality,","$0.15","Sun Dec 17 21:53:24 PST 2017","2","BatchId:3054172;OriginalHitTemplateId:920937332;","900","259200","Tue Dec 19 21:53:24 PST 2017","","","3HL8HNGX450QZ8YXAJ6U97PZYOSF9M","A198QA1OQBUJV1","Submitted","Sun Dec 17 21:53:32 PST 2017","Sun Dec 17 21:55:43 PST 2017","Wed Dec 20 21:55:43 PST 2017","","","","131","0% (0/0)","0% (0/0)","0% (0/0)","https://clyp.it/flg12pee","5_exp_ts39","4","3","4"
"3XUSYT70IS08IAYUTFNA3CP17930DM","3T6A8QWPRATCDT7RJBP79VS2HHPJJI","Judge the quality of this Voice","Rank this voice in terms of how easy it is to understand, how human-like it is, and how smooth it sounds","speech synthesis, audio, text to speech, speech generation, audio, voice, voice quality,","$0.15","Sun Dec 17 21:53:24 PST 2017","2","BatchId:3054172;OriginalHitTemplateId:920937332;","900","259200","Tue Dec 19 21:53:24 PST 2017","","","3N2BF7Y2VQTPKO8XUIYZHE7WE2CHML","A3RYI5HXC2MJLN","Submitted","Sun Dec 17 21:53:53 PST 2017","Sun Dec 17 22:01:36 PST 2017","Wed Dec 20 22:01:36 PST 2017","","","","463","0% (0/0)","0% (0/0)","0% (0/0)","https://clyp.it/flg12pee","5_exp_ts39","2","2","2"
"3HEM8MA6H8B5V06JFM8KICX8YW3PQM","3T6A8QWPRATCDT7RJBP79VS2HHPJJI","Judge the quality of this Voice","Rank this voice in terms of how easy it is to understand, how human-like it is, and how smooth it sounds","speech synthesis, audio, text to speech, speech generation, audio, voice, voice quality,","$0.15","Sun Dec 17 21:53:24 PST 2017","2","BatchId:3054172;OriginalHitTemplateId:920937332;","900","259200","Tue Dec 19 21:53:24 PST 2017","","","38F71OA9GTV56SHRZSAZETVJYNZFML","A1ND9FU7OO5NQA","Submitted","Sun Dec 17 21:54:11 PST 2017","Sun Dec 17 21:58:25 PST 2017","Wed Dec 20 21:58:25 PST 2017","","","","254","0% (0/0)","0% (0/0)","0% (0/0)","https://clyp.it/kakmepoh","5_exp_ts39_m","9","0","4"
"3HEM8MA6H8B5V06JFM8KICX8YW3PQM","3T6A8QWPRATCDT7RJBP79VS2HHPJJI","Judge the quality of this Voice","Rank this voice in terms of how easy it is to understand, how human-like it is, and how smooth it sounds","speech synthesis, audio, text to speech, speech generation, audio, voice, voice quality,","$0.15","Sun Dec 17 21:53:24 PST 2017","2","BatchId:3054172;OriginalHitTemplateId:920937332;","900","259200","Tue Dec 19 21:53:24 PST 2017","","","3VZLGYJEYL9M5L7VEB6FS2RZHWCXZA","A3RYI5HXC2MJLN","Submitted","Sun Dec 17 21:53:44 PST 2017","Sun Dec 17 21:59:06 PST 2017","Wed Dec 20 21:59:06 PST 2017","","","","322","0% (0/0)","0% (0/0)","0% (0/0)","https://clyp.it/kakmepoh","5_exp_ts39_m","2","1","1"
"3D1UCPY6GF8SI710VUUDJI97ZUQ38E","3T6A8QWPRATCDT7RJBP79VS2HHPJJI","Judge the quality of this Voice","Rank this voice in terms of how easy it is to understand, how human-like it is, and how smooth it sounds","speech synthesis, audio, text to speech, speech generation, audio, voice, voice quality,","$0.15","Sun Dec 17 21:53:24 PST 2017","2","BatchId:3054172;OriginalHitTemplateId:920937332;","900","259200","Tue Dec 19 21:53:24 PST 2017","","","3OXV7EAXLEP81DG6SH2GOO905XF36Q","A3RYI5HXC2MJLN","Submitted","Sun Dec 17 21:53:56 PST 2017","Sun Dec 17 22:02:39 PST 2017","Wed Dec 20 22:02:39 PST 2017","","","","523","0% (0/0)","0% (0/0)","0% (0/0)","https://clyp.it/spzzi24u","6_exp_c","9","9","9"
"3D1UCPY6GF8SI710VUUDJI97ZUQ38E","3T6A8QWPRATCDT7RJBP79VS2HHPJJI","Judge the quality of this Voice","Rank this voice in terms of how easy it is to understand, how human-like it is, and how smooth it sounds","speech synthesis, audio, text to speech, speech generation, audio, voice, voice quality,","$0.15","Sun Dec 17 21:53:24 PST 2017","2","BatchId:3054172;OriginalHitTemplateId:920937332;","900","259200","Tue Dec 19 21:53:24 PST 2017","","","3WJ1OXY92AFVPCYFUBEOVAJXH2XA8F","AHLS6AZ1VTNH7","Submitted","Sun Dec 17 21:54:01 PST 2017","Sun Dec 17 22:02:01 PST 2017","Wed Dec 20 22:02:01 PST 2017","","","","480","0% (0/0)","0% (0/0)","0% (0/0)","https://clyp.it/spzzi24u","6_exp_c","7","7","2"
"3M4KL7H8KUM94Q4XFBJWBBYJVFM613","3T6A8QWPRATCDT7RJBP79VS2HHPJJI","Judge the quality of this Voice","Rank this voice in terms of how easy it is to understand, how human-like it is, and how smooth it sounds","speech synthesis, audio, text to speech, speech generation, audio, voice, voice quality,","$0.15","Sun Dec 17 21:53:24 PST 2017","2","BatchId:3054172;OriginalHitTemplateId:920937332;","900","259200","Tue Dec 19 21:53:24 PST 2017","","","3AUQQEL7U5SXZBWAA2S5YIRSJEM0VJ","A3RYI5HXC2MJLN","Submitted","Sun Dec 17 21:53:46 PST 2017","Sun Dec 17 21:59:37 PST 2017","Wed Dec 20 21:59:37 PST 2017","","","","351","0% (0/0)","0% (0/0)","0% (0/0)","https://clyp.it/qxmdr2ll","6_exp_t10f","2","2","0"
"3M4KL7H8KUM94Q4XFBJWBBYJVFM613","3T6A8QWPRATCDT7RJBP79VS2HHPJJI","Judge the quality of this Voice","Rank this voice in terms of how easy it is to understand, how human-like it is, and how smooth it sounds","speech synthesis, audio, text to speech, speech generation, audio, voice, voice quality,","$0.15","Sun Dec 17 21:53:24 PST 2017","2","BatchId:3054172;OriginalHitTemplateId:920937332;","900","259200","Tue Dec 19 21:53:24 PST 2017","","","3DL65MZB8DE0RS54RSWFTF57S8GCEI","AHLS6AZ1VTNH7","Submitted","Sun Dec 17 21:53:34 PST 2017","Sun Dec 17 21:55:16 PST 2017","Wed Dec 20 21:55:16 PST 2017","","","","102","0% (0/0)","0% (0/0)","0% (0/0)","https://clyp.it/qxmdr2ll","6_exp_t10f","7","6","5"
"38O9DZ0A61MGTBMTYFJAGU8ONL062K","3T6A8QWPRATCDT7RJBP79VS2HHPJJI","Judge the quality of this Voice","Rank this voice in terms of how easy it is to understand, how human-like it is, and how smooth it sounds","speech synthesis, audio, text to speech, speech generation, audio, voice, voice quality,","$0.15","Sun Dec 17 21:53:24 PST 2017","2","BatchId:3054172;OriginalHitTemplateId:920937332;","900","259200","Tue Dec 19 21:53:24 PST 2017","","","30JNVC0OR9JG536PMB5GYNR1O39HQ8","A198QA1OQBUJV1","Submitted","Sun Dec 17 21:54:04 PST 2017","Sun Dec 17 21:58:40 PST 2017","Wed Dec 20 21:58:40 PST 2017","","","","276","0% (0/0)","0% (0/0)","0% (0/0)","https://clyp.it/bwp2auan","6_exp_ts39","3","2","2"
"38O9DZ0A61MGTBMTYFJAGU8ONL062K","3T6A8QWPRATCDT7RJBP79VS2HHPJJI","Judge the quality of this Voice","Rank this voice in terms of how easy it is to understand, how human-like it is, and how smooth it sounds","speech synthesis, audio, text to speech, speech generation, audio, voice, voice quality,","$0.15","Sun Dec 17 21:53:24 PST 2017","2","BatchId:3054172;OriginalHitTemplateId:920937332;","900","259200","Tue Dec 19 21:53:24 PST 2017","","","32ZKVD547FME7PX1O8JOZ4VSJYQ3BB","A18EWG6CNKAO2J","Submitted","Sun Dec 17 21:54:08 PST 2017","Sun Dec 17 21:56:13 PST 2017","Wed Dec 20 21:56:13 PST 2017","","","","125","0% (0/0)","0% (0/0)","0% (0/0)","https://clyp.it/bwp2auan","6_exp_ts39","9","9","9"
"30Z7M1Q8UXJS2S0L499N6QND54I8AF","3T6A8QWPRATCDT7RJBP79VS2HHPJJI","Judge the quality of this Voice","Rank this voice in terms of how easy it is to understand, how human-like it is, and how smooth it sounds","speech synthesis, audio, text to speech, speech generation, audio, voice, voice quality,","$0.15","Sun Dec 17 21:53:24 PST 2017","2","BatchId:3054172;OriginalHitTemplateId:920937332;","900","259200","Tue Dec 19 21:53:24 PST 2017","","","3ERMJ6L4DYRSRZ2LH9CNQ1I20ZG7M9","A198QA1OQBUJV1","Submitted","Sun Dec 17 21:53:47 PST 2017","Sun Dec 17 21:56:56 PST 2017","Wed Dec 20 21:56:56 PST 2017","","","","189","0% (0/0)","0% (0/0)","0% (0/0)","https://clyp.it/isprufgn","6_exp_ts39_m","3","2","1"
"30Z7M1Q8UXJS2S0L499N6QND54I8AF","3T6A8QWPRATCDT7RJBP79VS2HHPJJI","Judge the quality of this Voice","Rank this voice in terms of how easy it is to understand, how human-like it is, and how smooth it sounds","speech synthesis, audio, text to speech, speech generation, audio, voice, voice quality,","$0.15","Sun Dec 17 21:53:24 PST 2017","2","BatchId:3054172;OriginalHitTemplateId:920937332;","900","259200","Tue Dec 19 21:53:24 PST 2017","","","3QL2OFSM96H4LYIHKRZYJ2ZG60HCN7","A3RYI5HXC2MJLN","Submitted","Sun Dec 17 21:53:48 PST 2017","Sun Dec 17 22:00:05 PST 2017","Wed Dec 20 22:00:05 PST 2017","","","","377","0% (0/0)","0% (0/0)","0% (0/0)","https://clyp.it/isprufgn","6_exp_ts39_m","4","4","3"
"306W7JMRYXXXL25DAN9J117JNM38BA","3T6A8QWPRATCDT7RJBP79VS2HHPJJI","Judge the quality of this Voice","Rank this voice in terms of how easy it is to understand, how human-like it is, and how smooth it sounds","speech synthesis, audio, text to speech, speech generation, audio, voice, voice quality,","$0.15","Sun Dec 17 21:53:24 PST 2017","2","BatchId:3054172;OriginalHitTemplateId:920937332;","900","259200","Tue Dec 19 21:53:24 PST 2017","","","3JC6VJ2SABIC2UFDWD7LJQ96FCW5A8","AHLS6AZ1VTNH7","Submitted","Sun Dec 17 21:53:50 PST 2017","Sun Dec 17 21:59:06 PST 2017","Wed Dec 20 21:59:06 PST 2017","","","","316","0% (0/0)","0% (0/0)","0% (0/0)","https://clyp.it/h25ys20j","7_exp_c","8","8","7"
"306W7JMRYXXXL25DAN9J117JNM38BA","3T6A8QWPRATCDT7RJBP79VS2HHPJJI","Judge the quality of this Voice","Rank this voice in terms of how easy it is to understand, how human-like it is, and how smooth it sounds","speech synthesis, audio, text to speech, speech generation, audio, voice, voice quality,","$0.15","Sun Dec 17 21:53:24 PST 2017","2","BatchId:3054172;OriginalHitTemplateId:920937332;","900","259200","Tue Dec 19 21:53:24 PST 2017","","","3ZAK8W07I4DXMW7A5CI02WP957D0UU","A198QA1OQBUJV1","Submitted","Sun Dec 17 21:53:44 PST 2017","Sun Dec 17 21:56:36 PST 2017","Wed Dec 20 21:56:36 PST 2017","","","","172","0% (0/0)","0% (0/0)","0% (0/0)","https://clyp.it/h25ys20j","7_exp_c","7","7","5"
"3VEI3XUCZQW571LJS1XKN27DUI5PRN","3T6A8QWPRATCDT7RJBP79VS2HHPJJI","Judge the quality of this Voice","Rank this voice in terms of how easy it is to understand, how human-like it is, and how smooth it sounds","speech synthesis, audio, text to speech, speech generation, audio, voice, voice quality,","$0.15","Sun Dec 17 21:53:24 PST 2017","2","BatchId:3054172;OriginalHitTemplateId:920937332;","900","259200","Tue Dec 19 21:53:24 PST 2017","","","3EICBYG644V828RW5T76QVIZXGCCJ3","A198QA1OQBUJV1","Submitted","Sun Dec 17 21:53:44 PST 2017","Sun Dec 17 21:54:12 PST 2017","Wed Dec 20 21:54:12 PST 2017","","","","28","0% (0/0)","0% (0/0)","0% (0/0)","https://clyp.it/wkz5u1xp","7_exp_t10f","3","1","1"
"3VEI3XUCZQW571LJS1XKN27DUI5PRN","3T6A8QWPRATCDT7RJBP79VS2HHPJJI","Judge the quality of this Voice","Rank this voice in terms of how easy it is to understand, how human-like it is, and how smooth it sounds","speech synthesis, audio, text to speech, speech generation, audio, voice, voice quality,","$0.15","Sun Dec 17 21:53:24 PST 2017","2","BatchId:3054172;OriginalHitTemplateId:920937332;","900","259200","Tue Dec 19 21:53:24 PST 2017","","","3OLF68YTN9044R822PKU520J46AFA1","AHLS6AZ1VTNH7","Submitted","Sun Dec 17 21:53:36 PST 2017","Sun Dec 17 21:55:35 PST 2017","Wed Dec 20 21:55:35 PST 2017","","","","119","0% (0/0)","0% (0/0)","0% (0/0)","https://clyp.it/wkz5u1xp","7_exp_t10f","6","4","2"
"3Z8UJEJOCYCSWCKA0M0RJE4IJ08393","3T6A8QWPRATCDT7RJBP79VS2HHPJJI","Judge the quality of this Voice","Rank this voice in terms of how easy it is to understand, how human-like it is, and how smooth it sounds","speech synthesis, audio, text to speech, speech generation, audio, voice, voice quality,","$0.15","Sun Dec 17 21:53:24 PST 2017","2","BatchId:3054172;OriginalHitTemplateId:920937332;","900","259200","Tue Dec 19 21:53:24 PST 2017","","","339ANSOTR51UQVJEFO342DG7PAWKIC","A2Y2RVQO2UVFV1","Submitted","Sun Dec 17 21:54:09 PST 2017","Sun Dec 17 21:56:00 PST 2017","Wed Dec 20 21:56:00 PST 2017","","","","111","0% (0/0)","0% (0/0)","0% (0/0)","https://clyp.it/drtudc5h","7_exp_ts39","8","6","4"
"3Z8UJEJOCYCSWCKA0M0RJE4IJ08393","3T6A8QWPRATCDT7RJBP79VS2HHPJJI","Judge the quality of this Voice","Rank this voice in terms of how easy it is to understand, how human-like it is, and how smooth it sounds","speech synthesis, audio, text to speech, speech generation, audio, voice, voice quality,","$0.15","Sun Dec 17 21:53:24 PST 2017","2","BatchId:3054172;OriginalHitTemplateId:920937332;","900","259200","Tue Dec 19 21:53:24 PST 2017","","","3MB8LZR5BFSWGWRK0R0HUT8Z6EQKLQ","A198QA1OQBUJV1","Submitted","Sun Dec 17 21:54:11 PST 2017","Sun Dec 17 21:59:12 PST 2017","Wed Dec 20 21:59:12 PST 2017","","","","301","0% (0/0)","0% (0/0)","0% (0/0)","https://clyp.it/drtudc5h","7_exp_ts39","3","2","2"
"3ICOHX7ENBADAGCUPAYU9U7M7L40EF","3T6A8QWPRATCDT7RJBP79VS2HHPJJI","Judge the quality of this Voice","Rank this voice in terms of how easy it is to understand, how human-like it is, and how smooth it sounds","speech synthesis, audio, text to speech, speech generation, audio, voice, voice quality,","$0.15","Sun Dec 17 21:53:24 PST 2017","2","BatchId:3054172;OriginalHitTemplateId:920937332;","900","259200","Tue Dec 19 21:53:24 PST 2017","","","3W92K5RLWUGWUIIB78YHFDNJ0MWV5Y","A30MP4LXV4MIFD","Submitted","Sun Dec 17 21:53:39 PST 2017","Sun Dec 17 21:54:34 PST 2017","Wed Dec 20 21:54:34 PST 2017","","","","55","0% (0/0)","0% (0/0)","0% (0/0)","https://clyp.it/u1l35kfn","7_exp_ts39_m","2","1","1"
"3ICOHX7ENBADAGCUPAYU9U7M7L40EF","3T6A8QWPRATCDT7RJBP79VS2HHPJJI","Judge the quality of this Voice","Rank this voice in terms of how easy it is to understand, how human-like it is, and how smooth it sounds","speech synthesis, audio, text to speech, speech generation, audio, voice, voice quality,","$0.15","Sun Dec 17 21:53:24 PST 2017","2","BatchId:3054172;OriginalHitTemplateId:920937332;","900","259200","Tue Dec 19 21:53:24 PST 2017","","","3XXU1SWE8MUD7NTCZ7192VDFY4LA0S","AHLS6AZ1VTNH7","Submitted","Sun Dec 17 21:53:44 PST 2017","Sun Dec 17 21:57:54 PST 2017","Wed Dec 20 21:57:54 PST 2017","","","","250","0% (0/0)","0% (0/0)","0% (0/0)","https://clyp.it/u1l35kfn","7_exp_ts39_m","5","6","4"
"30P8I9JKOHKT7YKHH6TGQTRZOOHV50","3T6A8QWPRATCDT7RJBP79VS2HHPJJI","Judge the quality of this Voice","Rank this voice in terms of how easy it is to understand, how human-like it is, and how smooth it sounds","speech synthesis, audio, text to speech, speech generation, audio, voice, voice quality,","$0.15","Sun Dec 17 21:53:24 PST 2017","2","BatchId:3054172;OriginalHitTemplateId:920937332;","900","259200","Tue Dec 19 21:53:24 PST 2017","","","388U7OUMF70564FT1INVXL2PY890RQ","AHLS6AZ1VTNH7","Submitted","Sun Dec 17 21:53:39 PST 2017","Sun Dec 17 21:56:26 PST 2017","Wed Dec 20 21:56:26 PST 2017","","","","167","0% (0/0)","0% (0/0)","0% (0/0)","https://clyp.it/ziknedx4","8_exp_c","8","8","8"
"30P8I9JKOHKT7YKHH6TGQTRZOOHV50","3T6A8QWPRATCDT7RJBP79VS2HHPJJI","Judge the quality of this Voice","Rank this voice in terms of how easy it is to understand, how human-like it is, and how smooth it sounds","speech synthesis, audio, text to speech, speech generation, audio, voice, voice quality,","$0.15","Sun Dec 17 21:53:24 PST 2017","2","BatchId:3054172;OriginalHitTemplateId:920937332;","900","259200","Tue Dec 19 21:53:24 PST 2017","","","3VHP9MDGRNJSX650M3GLBXQ749VFC3","A198QA1OQBUJV1","Submitted","Sun Dec 17 21:53:38 PST 2017","Sun Dec 17 21:56:00 PST 2017","Wed Dec 20 21:56:00 PST 2017","","","","142","0% (0/0)","0% (0/0)","0% (0/0)","https://clyp.it/ziknedx4","8_exp_c","8","9","8"
"37VHPF5VYB2GV7XJON5ECLD15738CH","3T6A8QWPRATCDT7RJBP79VS2HHPJJI","Judge the quality of this Voice","Rank this voice in terms of how easy it is to understand, how human-like it is, and how smooth it sounds","speech synthesis, audio, text to speech, speech generation, audio, voice, voice quality,","$0.15","Sun Dec 17 21:53:24 PST 2017","2","BatchId:3054172;OriginalHitTemplateId:920937332;","900","259200","Tue Dec 19 21:53:24 PST 2017","","","3DY46V3X3PHFWO3W1HG4BFTKNYV552","A3RYI5HXC2MJLN","Submitted","Sun Dec 17 21:53:41 PST 2017","Sun Dec 17 21:58:38 PST 2017","Wed Dec 20 21:58:38 PST 2017","","","","297","0% (0/0)","0% (0/0)","0% (0/0)","https://clyp.it/xxyhvhis","8_exp_t10f","2","4","2"
"37VHPF5VYB2GV7XJON5ECLD15738CH","3T6A8QWPRATCDT7RJBP79VS2HHPJJI","Judge the quality of this Voice","Rank this voice in terms of how easy it is to understand, how human-like it is, and how smooth it sounds","speech synthesis, audio, text to speech, speech generation, audio, voice, voice quality,","$0.15","Sun Dec 17 21:53:24 PST 2017","2","BatchId:3054172;OriginalHitTemplateId:920937332;","900","259200","Tue Dec 19 21:53:24 PST 2017","","","3G5W44VEU7HGU4DJP031H13RAX4KGK","A30MP4LXV4MIFD","Submitted","Sun Dec 17 21:54:00 PST 2017","Sun Dec 17 21:56:02 PST 2017","Wed Dec 20 21:56:02 PST 2017","","","","122","0% (0/0)","0% (0/0)","0% (0/0)","https://clyp.it/xxyhvhis","8_exp_t10f","2","2","1"
"3087LXLJ6LF5GUCQKLI0RCSMJMJ0FX","3T6A8QWPRATCDT7RJBP79VS2HHPJJI","Judge the quality of this Voice","Rank this voice in terms of how easy it is to understand, how human-like it is, and how smooth it sounds","speech synthesis, audio, text to speech, speech generation, audio, voice, voice quality,","$0.15","Sun Dec 17 21:53:24 PST 2017","2","BatchId:3054172;OriginalHitTemplateId:920937332;","900","259200","Tue Dec 19 21:53:24 PST 2017","","","39JEC7537U0HT3RQMILPTJTTS3JCVO","A198QA1OQBUJV1","Submitted","Sun Dec 17 21:54:01 PST 2017","Sun Dec 17 21:58:16 PST 2017","Wed Dec 20 21:58:16 PST 2017","","","","255","0% (0/0)","0% (0/0)","0% (0/0)","https://clyp.it/nufog5jb","8_exp_ts39","3","2","2"
"3087LXLJ6LF5GUCQKLI0RCSMJMJ0FX","3T6A8QWPRATCDT7RJBP79VS2HHPJJI","Judge the quality of this Voice","Rank this voice in terms of how easy it is to understand, how human-like it is, and how smooth it sounds","speech synthesis, audio, text to speech, speech generation, audio, voice, voice quality,","$0.15","Sun Dec 17 21:53:24 PST 2017","2","BatchId:3054172;OriginalHitTemplateId:920937332;","900","259200","Tue Dec 19 21:53:24 PST 2017","","","3OS4RQUCR9E9N1DU83KQ0DKPMOVFBW","AHLS6AZ1VTNH7","Submitted","Sun Dec 17 21:53:37 PST 2017","Sun Dec 17 21:55:52 PST 2017","Wed Dec 20 21:55:52 PST 2017","","","","135","0% (0/0)","0% (0/0)","0% (0/0)","https://clyp.it/nufog5jb","8_exp_ts39","4","6","6"
"3VADEH0UHBWH8GLW7QXPDCC9GKOPSB","3T6A8QWPRATCDT7RJBP79VS2HHPJJI","Judge the quality of this Voice","Rank this voice in terms of how easy it is to understand, how human-like it is, and how smooth it sounds","speech synthesis, audio, text to speech, speech generation, audio, voice, voice quality,","$0.15","Sun Dec 17 21:53:24 PST 2017","2","BatchId:3054172;OriginalHitTemplateId:920937332;","900","259200","Tue Dec 19 21:53:24 PST 2017","","","34MAJL3QP4MUMQCS9T91RQPM969345","A3RYI5HXC2MJLN","Submitted","Sun Dec 17 21:53:51 PST 2017","Sun Dec 17 22:00:27 PST 2017","Wed Dec 20 22:00:27 PST 2017","","","","396","0% (0/0)","0% (0/0)","0% (0/0)","https://clyp.it/eaeanuyr","8_exp_ts39_m","4","5","4"
"3VADEH0UHBWH8GLW7QXPDCC9GKOPSB","3T6A8QWPRATCDT7RJBP79VS2HHPJJI","Judge the quality of this Voice","Rank this voice in terms of how easy it is to understand, how human-like it is, and how smooth it sounds","speech synthesis, audio, text to speech, speech generation, audio, voice, voice quality,","$0.15","Sun Dec 17 21:53:24 PST 2017","2","BatchId:3054172;OriginalHitTemplateId:920937332;","900","259200","Tue Dec 19 21:53:24 PST 2017","","","3CTOC39K37P2QRW0ECZVA9QLW5L7J5","AHLS6AZ1VTNH7","Submitted","Sun Dec 17 21:53:42 PST 2017","Sun Dec 17 21:57:36 PST 2017","Wed Dec 20 21:57:36 PST 2017","","","","234","0% (0/0)","0% (0/0)","0% (0/0)","https://clyp.it/eaeanuyr","8_exp_ts39_m","6","5","3"
"3SD15I2WD1T5ETIC2FXFZ4DGTZ063V","3T6A8QWPRATCDT7RJBP79VS2HHPJJI","Judge the quality of this Voice","Rank this voice in terms of how easy it is to understand, how human-like it is, and how smooth it sounds","speech synthesis, audio, text to speech, speech generation, audio, voice, voice quality,","$0.15","Sun Dec 17 21:53:24 PST 2017","2","BatchId:3054172;OriginalHitTemplateId:920937332;","900","259200","Tue Dec 19 21:53:24 PST 2017","","","31UV0MXWNQBR8CYB81ZY0OXPSK15IC","A198QA1OQBUJV1","Submitted","Sun Dec 17 21:54:07 PST 2017","Sun Dec 17 21:58:57 PST 2017","Wed Dec 20 21:58:57 PST 2017","","","","290","0% (0/0)","0% (0/0)","0% (0/0)","https://clyp.it/2hraptdp","9_exp_c","8","9","8"
"3SD15I2WD1T5ETIC2FXFZ4DGTZ063V","3T6A8QWPRATCDT7RJBP79VS2HHPJJI","Judge the quality of this Voice","Rank this voice in terms of how easy it is to understand, how human-like it is, and how smooth it sounds","speech synthesis, audio, text to speech, speech generation, audio, voice, voice quality,","$0.15","Sun Dec 17 21:53:24 PST 2017","2","BatchId:3054172;OriginalHitTemplateId:920937332;","900","259200","Tue Dec 19 21:53:24 PST 2017","","","3VE8AYVF8MWQL3FN5R0G9BUOEIAF8X","A3RYI5HXC2MJLN","Submitted","Sun Dec 17 21:53:31 PST 2017","Sun Dec 17 21:57:20 PST 2017","Wed Dec 20 21:57:20 PST 2017","","","","229","0% (0/0)","0% (0/0)","0% (0/0)","https://clyp.it/2hraptdp","9_exp_c","7","9","7"
"35ZRNT9RUHXV3ZOG2BJ9G4Z7EZTO31","3T6A8QWPRATCDT7RJBP79VS2HHPJJI","Judge the quality of this Voice","Rank this voice in terms of how easy it is to understand, how human-like it is, and how smooth it sounds","speech synthesis, audio, text to speech, speech generation, audio, voice, voice quality,","$0.15","Sun Dec 17 21:53:24 PST 2017","2","BatchId:3054172;OriginalHitTemplateId:920937332;","900","259200","Tue Dec 19 21:53:24 PST 2017","","","35H6S234SAZBFS3A60Q93L7KJT656I","A30MP4LXV4MIFD","Submitted","Sun Dec 17 21:53:43 PST 2017","Sun Dec 17 21:54:48 PST 2017","Wed Dec 20 21:54:48 PST 2017","","","","65","0% (0/0)","0% (0/0)","0% (0/0)","https://clyp.it/e5znug0m","9_exp_t10f","2","4","1"
"35ZRNT9RUHXV3ZOG2BJ9G4Z7EZTO31","3T6A8QWPRATCDT7RJBP79VS2HHPJJI","Judge the quality of this Voice","Rank this voice in terms of how easy it is to understand, how human-like it is, and how smooth it sounds","speech synthesis, audio, text to speech, speech generation, audio, voice, voice quality,","$0.15","Sun Dec 17 21:53:24 PST 2017","2","BatchId:3054172;OriginalHitTemplateId:920937332;","900","259200","Tue Dec 19 21:53:24 PST 2017","","","3VHP9MDGRNJSX650M3GLBXQ749VCF0","A3RYI5HXC2MJLN","Submitted","Sun Dec 17 21:53:36 PST 2017","Sun Dec 17 21:58:00 PST 2017","Wed Dec 20 21:58:00 PST 2017","","","","264","0% (0/0)","0% (0/0)","0% (0/0)","https://clyp.it/e5znug0m","9_exp_t10f","2","2","1"
"3S8A4GJRD22PQ2KVMP3LIZ5ZKJSV6G","3T6A8QWPRATCDT7RJBP79VS2HHPJJI","Judge the quality of this Voice","Rank this voice in terms of how easy it is to understand, how human-like it is, and how smooth it sounds","speech synthesis, audio, text to speech, speech generation, audio, voice, voice quality,","$0.15","Sun Dec 17 21:53:24 PST 2017","2","BatchId:3054172;OriginalHitTemplateId:920937332;","900","259200","Tue Dec 19 21:53:24 PST 2017","","","3CN4LGXD5XNV2T9GYE2RHKLZI73Y45","A198QA1OQBUJV1","Submitted","Sun Dec 17 21:53:54 PST 2017","Sun Dec 17 21:57:36 PST 2017","Wed Dec 20 21:57:36 PST 2017","","","","222","0% (0/0)","0% (0/0)","0% (0/0)","https://clyp.it/auynozg5","9_exp_ts39","2","1","2"
"3S8A4GJRD22PQ2KVMP3LIZ5ZKJSV6G","3T6A8QWPRATCDT7RJBP79VS2HHPJJI","Judge the quality of this Voice","Rank this voice in terms of how easy it is to understand, how human-like it is, and how smooth it sounds","speech synthesis, audio, text to speech, speech generation, audio, voice, voice quality,","$0.15","Sun Dec 17 21:53:24 PST 2017","2","BatchId:3054172;OriginalHitTemplateId:920937332;","900","259200","Tue Dec 19 21:53:24 PST 2017","","","3TPWUS5F890U8SRVCSQLFLC7ZCLCWY","A3RYI5HXC2MJLN","Submitted","Sun Dec 17 21:54:03 PST 2017","Sun Dec 17 22:07:17 PST 2017","Wed Dec 20 22:07:17 PST 2017","","","","794","0% (0/0)","0% (0/0)","0% (0/0)","https://clyp.it/auynozg5","9_exp_ts39","5","5","5"
"3H5TOKO3D8IQWP1G2T2Y995M7ZW64G","3T6A8QWPRATCDT7RJBP79VS2HHPJJI","Judge the quality of this Voice","Rank this voice in terms of how easy it is to understand, how human-like it is, and how smooth it sounds","speech synthesis, audio, text to speech, speech generation, audio, voice, voice quality,","$0.15","Sun Dec 17 21:53:24 PST 2017","2","BatchId:3054172;OriginalHitTemplateId:920937332;","900","259200","Tue Dec 19 21:53:24 PST 2017","","","3JC6VJ2SABIC2UFDWD7LJQ96FCWA5D","AHLS6AZ1VTNH7","Submitted","Sun Dec 17 21:53:58 PST 2017","Sun Dec 17 22:00:51 PST 2017","Wed Dec 20 22:00:51 PST 2017","","","","413","0% (0/0)","0% (0/0)","0% (0/0)","https://clyp.it/qh4xyfyp","9_exp_ts39_m","5","5","5"
"3H5TOKO3D8IQWP1G2T2Y995M7ZW64G","3T6A8QWPRATCDT7RJBP79VS2HHPJJI","Judge the quality of this Voice","Rank this voice in terms of how easy it is to understand, how human-like it is, and how smooth it sounds","speech synthesis, audio, text to speech, speech generation, audio, voice, voice quality,","$0.15","Sun Dec 17 21:53:24 PST 2017","2","BatchId:3054172;OriginalHitTemplateId:920937332;","900","259200","Tue Dec 19 21:53:24 PST 2017","","","3V5Q80FXIXQKJCX55FQDYBSOPSD329","A324AD5U1SV0OA","Submitted","Sun Dec 17 21:53:44 PST 2017","Sun Dec 17 21:55:01 PST 2017","Wed Dec 20 21:55:01 PST 2017","","","","77","0% (0/0)","0% (0/0)","0% (0/0)","https://clyp.it/qh4xyfyp","9_exp_ts39_m","9","3","7"